Owner Name,Email,Dog Name,Age,Breed,Activity Level,Pre-Conditions
Andres,andres@thebsq.com,Tano,2,Rhodesian Rdigeback,low,hgbfgbg
Andres,andres@thebsq.com,Tano,2,Rhodesian Rdigeback,low,hgbfgbg
Andres,andres@thebsq.com,Tano,2,Rhodesian Rdigeback,low,tggg
Andres,andres@thebsq.com,Tano,2,Rhodesian Rdigeback,low,hhhhh
Sebastian Voigt,svoigt@tano.com,lulu,10,mischling,low,none
Philipp,ptenius@thebsq.com,Layla,16,mischling,low,Old
Philipp,ptenius@thebsq.com,Layla,16,mischling,low,Old
Andres,andres@thebsq.com,Tano,9,Rhodesian Rdigeback,low,none at the moment
Sebastian The Great,andres@thebsq.com,Tano,2,Rhodesian Rdigeback,low,he suffers from constant allergies
